City,Region
Aberdeen,North Scotland
Alloa,South Scotland
Bearsden,South Scotland
Bothwell,South Scotland
Carfin,South Scotland
Cupar,South Scotland
Currie,South Scotland
Dunblane,South Scotland
Dundee,North Scotland
Dundrum,South Scotland
Dunfermline,South Scotland
Edinburgh,South Scotland
Forfar,North Scotland
Glasgow,South Scotland
Grangemouth,South Scotland
Inverness,North Scotland
Johnstone,South Scotland
Kilmarnock,South Scotland
Linlithgow,South Scotland
Milngavie,South Scotland
Motherwell,South Scotland
Musselburgh,South Scotland
Penicuik,South Scotland
Perth,South Scotland
Uddingston,South Scotland
Bangor,North Wales
Newport,South Wales
Ashton in Makerfield,North West England
Ashton-under-Lyne,North West England
Birkenhead,North West England
Blackburn,North West England
Blackpool,North West England
Bolton,North West England
Bolton-le-Sands,North West England
Burscough,North West England
Chorley,North West England
Eccles,North West England
Haydock,North West England
Heald Green,North West England
Hazel Grove,North West England
Liverpool,North West England
Manchester,North West England
Mottram in Longdendale,North West England
Preston,North West England
Silsden,North West England
Southport,North West England
Warrington,North West England
Wigan,North West England
Gateshead,North East England
Hebburn,North East England
Middlesbrough,North East England
Newcastle upon Tyne,North East England
Sunderland,North East England
Wallsend,North East England
Baildon,Yorkshire
Barnsley,Yorkshire
Bradford,Yorkshire
Brinscall,Yorkshire
Dewsbury,Yorkshire
Doncaster,Yorkshire
Harrogate,Yorkshire
Keighley,Yorkshire
Leeds,Yorkshire
Pudsey,Yorkshire
Rotherham,Yorkshire
Sheffield,Yorkshire
Sowerby Bridge,Yorkshire
Wakefield,Yorkshire
York,Yorkshire
Yeadon,Yorkshire
Birmingham,West Midlands
Coventry,West Midlands
Hereford,West Midlands
Royal Leamington Spa,West Midlands
Shrewsbury,West Midlands
Stoke-on-Trent,West Midlands
Worcester,West Midlands
Chesterfield,East Midlands
Derby,East Midlands
Kimberley,East Midlands
Leicester,East Midlands
Mansfield,East Midlands
Nottingham,East Midlands
Oadby,East Midlands
Basford,East England
Cambridge,East England
Colchester,East England
Huntingdon,East England
Ipswich,East England
Luton,East England
Milton Keynes,East England
Norwich,East England
Peterborough,East England
Stilton,East England
Barnstaple,South West England
Bath,South West England
Bradford-on-Avon,South West England
Bristol,South West England
Cheltenham,South West England
Christchurch,South West England
Devizes,South West England
Gloucester,South West England
Plymouth,South West England
Saltash,South West England
Torquay,South West England
Totnes,South West England
Warminster,South West England
Weymouth,South West England
Andover,South England
Brighton,South England
Eastbourne,South England
Farnham,South England
Hastings,South England
Horsham,South England
Newbury,South England
Oxford,South England
Reading,South England
Southampton,South England
Swaffham,South England
Barking,London
Barnsbury,London
Battersea,London
Bayswater,London
Bromley,London
Camberwell,London
Canary Wharf,London
Catford,London
Chelsea,London
City of Westminster,London
Coulsdon,London
Crouch End,London
Earlsfield,London
East Ham,London
Edgware,London
Enfield Town,London
Erith,London
Hackney,London
Hammersmith,London
Harold Wood,London
Harringay,London
Hendon,London
Holloway,London
Ilford,London
Isleworth,London
Islington,London
Kensington,London
Morden,London
Peckham,London
Pinner,London
Poplar,London
Purley,London
Rainham,London
Romford,London
Ruislip,London
Staines-upon-Thames,London
Sunbury-on-Thames,London
Thornton Heath,London
Upminster,London
Walthamstow,London
Wandsworth,London
Wembley,London
West Drayton,London
Woodford Green,London
Alton,South East England
Ascot,South East England
Beaconsfield,South East England
Brackley,South East England
Bray,South East England
Canterbury,South East England
Dorking,South East England
Earley,South East England
Farnham Common,South East England
Faversham,South East England
Feltham,South East England
Frimley,South East England
Lightwater,South East England
Maidenhead,South East England
Princes Risborough,South East England
Radlett,South East England
Ringwood,South East England
Slough,South East England
Tring,South East England
Windsor,South East England
Armagh,Northern Ireland
Ballyclare,Northern Ireland
Belfast,Northern Ireland
Holywood,Northern Ireland
Londonderry,Northern Ireland
